<?xml version="1.0" encoding="ISO-8859-1"?>
<!DOCTYPE metadata SYSTEM "http://www.fgdc.gov/metadata/fgdc-std-001-1998.dtd">
<metadata>
	<idinfo>
		<citation>
			<citeinfo>
				<origin>REQUIRED: The name of an organization or individual that developed the data set.</origin>
				<pubdate>REQUIRED: The date when the data set is published or otherwise made available for release.</pubdate>
				<title Sync="TRUE">Historic_Markers</title>
				<geoform Sync="TRUE">vector digital data</geoform>
				<onlink>\\atlantaregion\shares\gisdata\ARIS\Counties.shp</onlink>
				<ftname Sync="TRUE">Historic_Markers</ftname></citeinfo>
		</citation>
		<descript>
			<purpose>REQUIRED: A summary of the intentions with which the data set was developed.</purpose>
			<langdata Sync="TRUE">en</langdata><abstract>Name:	Historic Markers 		
Source:	GA Dept. of Community Affairs, The Atlanta Regional Commission
Date:	2003
Extent:	10 Counties
Feature:	Point
Scale:	1:12,000

Description:  This Layer was compiled by ARC's GIS Division using GPS for the Georgia Department of Community Affairs (DCA).  In addition to collecting GPS points for the 490 historical markers in the 10-county Atlanta Region, ARC/GIS staff captured high resolution digital photographs for each marker.  The original list of historical markers was obtained from DCA and then supplemented with markers identified by local sources.  These features are part of a statewide plan to collect historical markers from all sixteen Georgia RDCs.

Attributes:

DCA_ID 		DCA ID Number (Source: DCA) 
TITLE 		Marker Title (Source: David Seibert) 
TYPE 	Erecting Agency; GHM=Georgia Historical Marker, GHS=Georgia Historical Society, GCG=Garden Clubs of Georgia, HCC=Historic Chattahoochee Commission, WPA=Works Progress Administration (Source: David Seibert) 
NUMBER_	Erecting Agency ID; typically county and sequence number (Source: David Seibert) 
LOCATION 		Description of marker location (Source: David Seibert) 
GANUM 	GA DNR Inventory Number; only on GHM markers but not on all (Source: David Seibert) 
COUNTY_ID 	County FIPS Number (Source: US Bureau of the Census) 
COUNTY_FIPS 	State/County FIPS Number (Source: US Bureau of the Census) 
COUNTY_NM 	County Name (Source: US Bureau of the Census) 
SDR_NUMBER 	State Development Region Number (Source: DCA) 
RDC_NUMBER 	Regional Development Center Number (Source: DCA) 
RDC_2001 		Regional Development Center Name (Source: DCA) 
LONGITUDE 	X Coordinate in Decimal Degrees (Source: RDC GPS) 
LATITUDE 		Y Coordinate in Decimal Degrees (Source: RDC GPS) 
CONDITION 	Marker Condition: Condition Code 0=Not checked, 1=OK, 2=Damaged Marker, 3=Damaged Post, 4=Damaged Mounting of Marker to Post, 5=Marker and Post Damaged, 6=Marker Missing (Source: RDC Field Observation) 
COMMENT 		General Comment (Source: RDC Field Observation)
</abstract></descript>
		<timeperd>
			<timeinfo>
				<sngdate>
					<caldate>REQUIRED: The year (and optionally month, or month and day) for which the data set corresponds to the ground.</caldate>
				</sngdate>
			</timeinfo>
			<current>REQUIRED: The basis on which the time period of content information is determined.</current>
		</timeperd>
		<status>
			<progress>REQUIRED: The state of the data set.</progress>
			<update>REQUIRED: The frequency with which changes and additions are made to the data set after the initial data set is completed.</update>
		</status>
		<spdom>
			<bounding>
				<westbc Sync="TRUE">-84.754628</westbc>
				<eastbc Sync="TRUE">-83.907568</eastbc>
				<northbc Sync="TRUE">34.337883</northbc>
				<southbc Sync="TRUE">33.332504</southbc>
			</bounding>
			<lboundng><leftbc Sync="TRUE">2119094.999761</leftbc><rightbc Sync="TRUE">2374796.250241</rightbc><bottombc Sync="TRUE">1212680.124009</bottombc><topbc Sync="TRUE">1578014.625989</topbc></lboundng></spdom>
		<keywords>
			<theme>
				<themekt>REQUIRED: Reference to a formally registered thesaurus or a similar authoritative source of theme keywords.</themekt>
				<themekey>Please note - This shapefile was originally provided in the ARIS Vol 1c CD produced by the Atlanta Regional Commission's GIS Division.  The primary metadata document for this publication is located on that CD.  For convenience sake, the metadata for this particular shapefile has also been placed in the Abstract section below.  For additional information, please contact Paul DiGirolamo at 404-463-3520 or pdigirolamo@atlantaregional.com</themekey>
			</theme>
		</keywords>
		<accconst>REQUIRED: Restrictions and legal prerequisites for accessing the data set.</accconst>
		<useconst>REQUIRED: Restrictions and legal prerequisites for using the data set after access is granted.</useconst>
		<ptcontac>
			<cntinfo>
				<cntperp>
					<cntper>Paul DiGirolamo</cntper>
					<cntorg>Atlanta Regional Commission</cntorg>
				</cntperp>
				<cntpos>Senior GIS Analyst</cntpos>
				<cntaddr>
					<addrtype>mailing and physical address</addrtype>
					<address>40 Courtland St. NE</address>
					<city>Atlanta</city>
					<state>Georgia</state>
					<postal>30303</postal>
					<country>USA</country>
				</cntaddr>
				<cntvoice>404-463-3520</cntvoice>
				<cntemail>pdigirolamo@atlantaregional.com</cntemail>
			</cntinfo>
		</ptcontac>
		<native Sync="TRUE">Microsoft Windows XP Version 5.1 (Build 2600) Service Pack 2; ESRI ArcCatalog 9.1.0.780</native>
		<natvform Sync="TRUE">Shapefile</natvform></idinfo>
	<dataqual>
		<lineage>
			<procstep>
				<procdesc>Dataset moved.</procdesc>
				<srcused>V:\ARIS_vol1c_working\test\Counties1</srcused>
			</procstep>
			<procstep><procdesc Sync="TRUE">Metadata imported.</procdesc><srcused Sync="TRUE">V:\ARIS_vol1c_working\Renamed_Vol1C\metadata.xml</srcused><date Sync="TRUE">20060731</date><time Sync="TRUE">16385700</time></procstep></lineage>
	</dataqual>
	<spdoinfo>
		<direct Sync="TRUE">Vector</direct>
		<ptvctinf>
			<sdtsterm Name="Historic_Markers">
				<sdtstype Sync="TRUE">Entity point</sdtstype>
				<ptvctcnt Sync="TRUE">490</ptvctcnt>
			</sdtsterm>
			<esriterm Name="Historic_Markers"><efeatyp Sync="TRUE">Simple</efeatyp><efeageom Sync="TRUE">Point</efeageom><esritopo Sync="TRUE">FALSE</esritopo><efeacnt Sync="TRUE">490</efeacnt><spindex Sync="TRUE">TRUE</spindex><linrefer Sync="TRUE">FALSE</linrefer></esriterm></ptvctinf>
	</spdoinfo>
	<spref>
		<horizsys>
			<planar>
				<planci>
					<plance Sync="TRUE">coordinate pair</plance>
					<coordrep>
						<absres Sync="TRUE">0.000512</absres>
						<ordres Sync="TRUE">0.000512</ordres>
					</coordrep>
					<plandu Sync="TRUE">survey feet</plandu>
				</planci>
				<mapproj><mapprojn Sync="TRUE">Transverse Mercator</mapprojn><transmer><sfctrmer Sync="TRUE">0.999900</sfctrmer><longcm Sync="TRUE">-84.166667</longcm><latprjo Sync="TRUE">30.000000</latprjo><feast Sync="TRUE">2296583.333333</feast><fnorth Sync="TRUE">0.000000</fnorth></transmer></mapproj></planar>
			<geodetic>
				<horizdn Sync="TRUE">North American Datum of 1983</horizdn>
				<ellips Sync="TRUE">Geodetic Reference System 80</ellips>
				<semiaxis Sync="TRUE">6378137.000000</semiaxis>
				<denflat Sync="TRUE">298.257222</denflat>
			</geodetic>
			<cordsysn><geogcsn Sync="TRUE">GCS_North_American_1983</geogcsn><projcsn Sync="TRUE">NAD_1983_StatePlane_Georgia_West_FIPS_1002_Feet</projcsn></cordsysn></horizsys>
	</spref>
	<eainfo>
		<detailed Name="Historic_Markers">
			<enttyp>
				<enttypl Sync="TRUE">Historic_Markers</enttypl>
				<enttypt Sync="TRUE">Feature Class</enttypt><enttypc Sync="TRUE">490</enttypc></enttyp>
			<attr>
				<attrlabl>FID</attrlabl>
				<attrdef>Internal feature number.</attrdef>
				<attrdefs>ESRI</attrdefs>
				<attrdomv>
					<udom>Sequential unique whole numbers that are automatically generated.</udom>
				</attrdomv>
			</attr>
			<attr>
				<attrlabl>Shape</attrlabl>
				<attrdef>Feature geometry.</attrdef>
				<attrdefs>ESRI</attrdefs>
				<attrdomv>
					<udom>Coordinates defining the features.</udom>
				</attrdomv>
			</attr>
			<attr><attrlabl Sync="TRUE">DCA_ID</attrlabl><attalias Sync="TRUE">DCA_ID</attalias><attrtype Sync="TRUE">Number</attrtype><attwidth Sync="TRUE">9</attwidth></attr><attr><attrlabl Sync="TRUE">TITLE</attrlabl><attalias Sync="TRUE">TITLE</attalias><attrtype Sync="TRUE">String</attrtype><attwidth Sync="TRUE">50</attwidth></attr><attr><attrlabl Sync="TRUE">TYPE</attrlabl><attalias Sync="TRUE">TYPE</attalias><attrtype Sync="TRUE">String</attrtype><attwidth Sync="TRUE">4</attwidth></attr><attr><attrlabl Sync="TRUE">NUMBER_</attrlabl><attalias Sync="TRUE">NUMBER_</attalias><attrtype Sync="TRUE">String</attrtype><attwidth Sync="TRUE">8</attwidth></attr><attr><attrlabl Sync="TRUE">LOCATION</attrlabl><attalias Sync="TRUE">LOCATION</attalias><attrtype Sync="TRUE">String</attrtype><attwidth Sync="TRUE">60</attwidth></attr><attr><attrlabl Sync="TRUE">GANUM</attrlabl><attalias Sync="TRUE">GANUM</attalias><attrtype Sync="TRUE">Number</attrtype><attwidth Sync="TRUE">19</attwidth><atnumdec Sync="TRUE">11</atnumdec></attr><attr><attrlabl Sync="TRUE">COUNTY_ID</attrlabl><attalias Sync="TRUE">COUNTY_ID</attalias><attrtype Sync="TRUE">String</attrtype><attwidth Sync="TRUE">5</attwidth></attr><attr><attrlabl Sync="TRUE">COUNTY_FIP</attrlabl><attalias Sync="TRUE">COUNTY_FIP</attalias><attrtype Sync="TRUE">String</attrtype><attwidth Sync="TRUE">5</attwidth></attr><attr><attrlabl Sync="TRUE">COUNTY_NM</attrlabl><attalias Sync="TRUE">COUNTY_NM</attalias><attrtype Sync="TRUE">String</attrtype><attwidth Sync="TRUE">20</attwidth></attr><attr><attrlabl Sync="TRUE">SDR_NUMBER</attrlabl><attalias Sync="TRUE">SDR_NUMBER</attalias><attrtype Sync="TRUE">Number</attrtype><attwidth Sync="TRUE">9</attwidth></attr><attr><attrlabl Sync="TRUE">RDC_NUMBER</attrlabl><attalias Sync="TRUE">RDC_NUMBER</attalias><attrtype Sync="TRUE">Number</attrtype><attwidth Sync="TRUE">9</attwidth></attr><attr><attrlabl Sync="TRUE">RDC_2001</attrlabl><attalias Sync="TRUE">RDC_2001</attalias><attrtype Sync="TRUE">String</attrtype><attwidth Sync="TRUE">40</attwidth></attr><attr><attrlabl Sync="TRUE">LONGITUDE</attrlabl><attalias Sync="TRUE">LONGITUDE</attalias><attrtype Sync="TRUE">Number</attrtype><attwidth Sync="TRUE">19</attwidth><atnumdec Sync="TRUE">11</atnumdec></attr><attr><attrlabl Sync="TRUE">LATITUDE</attrlabl><attalias Sync="TRUE">LATITUDE</attalias><attrtype Sync="TRUE">Number</attrtype><attwidth Sync="TRUE">19</attwidth><atnumdec Sync="TRUE">11</atnumdec></attr><attr><attrlabl Sync="TRUE">CONDITION</attrlabl><attalias Sync="TRUE">CONDITION</attalias><attrtype Sync="TRUE">Number</attrtype><attwidth Sync="TRUE">9</attwidth></attr><attr><attrlabl Sync="TRUE">COMMENT</attrlabl><attalias Sync="TRUE">COMMENT</attalias><attrtype Sync="TRUE">String</attrtype><attwidth Sync="TRUE">50</attwidth></attr></detailed>
	</eainfo>
	<distinfo>
		<resdesc>Downloadable Data</resdesc>
		<stdorder>
			<digform>
				<digtinfo>
					<transize>0.317</transize>
					<dssize Sync="TRUE">0.013</dssize></digtinfo>
			</digform>
		</stdorder>
	</distinfo>
	<metainfo>
		<metd Sync="TRUE">20070118</metd>
		<metc>
			<cntinfo>
				<cntorgp>
					<cntorg>REQUIRED: The organization responsible for the metadata information.</cntorg>
					<cntper>REQUIRED: The person responsible for the metadata information.</cntper>
				</cntorgp>
				<cntaddr>
					<addrtype>REQUIRED: The mailing and/or physical address for the organization or individual.</addrtype>
					<city>REQUIRED: The city of the address.</city>
					<state>REQUIRED: The state or province of the address.</state>
					<postal>REQUIRED: The ZIP or other postal code of the address.</postal>
				</cntaddr>
				<cntvoice>REQUIRED: The telephone number by which individuals can speak to the organization or individual.</cntvoice>
			</cntinfo>
		</metc>
		<metstdn Sync="TRUE">FGDC Content Standards for Digital Geospatial Metadata</metstdn>
		<metstdv Sync="TRUE">FGDC-STD-001-1998</metstdv>
		<mettc Sync="TRUE">local time</mettc>
		<metextns>
			<onlink>http://www.esri.com/metadata/esriprof80.html</onlink>
			<metprof>ESRI Metadata Profile</metprof>
		</metextns>
		<langmeta Sync="TRUE">en</langmeta><metextns><onlink Sync="TRUE">http://www.esri.com/metadata/esriprof80.html</onlink><metprof Sync="TRUE">ESRI Metadata Profile</metprof></metextns></metainfo>
	<Esri><CreaDate>20140130</CreaDate><CreaTime>17510700</CreaTime><SyncOnce>FALSE</SyncOnce><SyncDate>20070118</SyncDate><SyncTime>09515700</SyncTime><ModDate>20070118</ModDate><ModTime>09515700</ModTime><DataProperties><itemProps><itemLocation><linkage Sync="TRUE">file://\\SEB317S-KW3-1\C$\Users\mcarragher3\Desktop\GT\research\gis_data\MARTA_Project\From_ARC\Historic_Markers</linkage><protocol Sync="TRUE">Local Area Network</protocol></itemLocation></itemProps><copyHistory><copy source="C:\Users\mcarragher3\Desktop\GT\research\gis_data\MARTA_mags\Historic_Markers" dest="\\SEB317S-KW3-1\C$\Users\mcarragher3\Desktop\GT\research\gis_data\MARTA_Project\From_ARC\Historic_Markers" date="20111207" time="12020700"></copy></copyHistory></DataProperties><ArcGISFormat>1.0</ArcGISFormat></Esri><dataIdInfo><envirDesc Sync="TRUE">Microsoft Windows XP Version 5.1 (Build 2600) Service Pack 2; ESRI ArcCatalog 9.1.0.780</envirDesc><dataLang><languageCode Sync="TRUE" value="en"></languageCode></dataLang><idCitation><resTitle Sync="TRUE">Historic_Markers</resTitle><presForm><PresFormCd Sync="TRUE" value="005"></PresFormCd></presForm></idCitation><spatRpType><SpatRepTypCd Sync="TRUE" value="001"></SpatRepTypCd></spatRpType><dataExt><geoEle><GeoBndBox esriExtentType="native"><westBL Sync="TRUE">2119094.999761</westBL><eastBL Sync="TRUE">2374796.250241</eastBL><northBL Sync="TRUE">1578014.625989</northBL><southBL Sync="TRUE">1212680.124009</southBL><exTypeCode Sync="TRUE">1</exTypeCode></GeoBndBox></geoEle></dataExt><geoBox esriExtentType="decdegrees"><westBL Sync="TRUE">-84.754628</westBL><eastBL Sync="TRUE">-83.907568</eastBL><northBL Sync="TRUE">34.337883</northBL><southBL Sync="TRUE">33.332504</southBL><exTypeCode Sync="TRUE">1</exTypeCode></geoBox></dataIdInfo><mdLang><languageCode Sync="TRUE" value="en"></languageCode></mdLang><mdStanName Sync="TRUE">ISO 19115 Geographic Information - Metadata</mdStanName><mdStanVer Sync="TRUE">DIS_ESRI1.0</mdStanVer><mdChar><CharSetCd Sync="TRUE" value="004"></CharSetCd></mdChar><mdHrLv><ScopeCd Sync="TRUE" value="005"></ScopeCd></mdHrLv><mdHrLvName Sync="TRUE">dataset</mdHrLvName><distInfo><distributor><distorTran><onLineSrc><orDesc Sync="TRUE">002</orDesc><linkage Sync="TRUE">file://\\vector\zdrive\ARCDATA\PublishedData\ARIS_CDs\ARIS_vol1c\GIS_Data\Historic_Markers.shp</linkage><protocol Sync="TRUE">Local Area Network</protocol></onLineSrc><transSize Sync="TRUE">0.013</transSize></distorTran><distorFormat><formatName Sync="TRUE">Shapefile</formatName></distorFormat></distributor></distInfo><refSysInfo><RefSystem><refSysID><identCode Sync="TRUE">NAD_1983_StatePlane_Georgia_West_FIPS_1002_Feet</identCode></refSysID></RefSystem></refSysInfo><spatRepInfo><VectSpatRep><topLvl><TopoLevCd Sync="TRUE" value="001"></TopoLevCd></topLvl><geometObjs Name="Historic_Markers"><geoObjTyp><GeoObjTypCd Sync="TRUE" value="004"></GeoObjTypCd></geoObjTyp><geoObjCnt Sync="TRUE">490</geoObjCnt></geometObjs></VectSpatRep></spatRepInfo><mdDateSt Sync="TRUE">20070118</mdDateSt></metadata>
