<?xml version="1.0"?>
<!--<!DOCTYPE metadata SYSTEM "http://www.esri.com/metadata/esriprof80.dtd">-->
<metadata xml:lang="en"><Esri><CreaDate>20140130</CreaDate><CreaTime>17513100</CreaTime><SyncOnce>FALSE</SyncOnce><RematchLocator>StreetsNAV0805<Category Locator="Review">Address</Category><Description Locator="Review">US Streets with Zone</Description><BuildVersion Locator="Review">$Revision: 16$</BuildVersion><BuildVersionDate Locator="Review">$Date: 12/14/2007 5:41:23 PM$</BuildVersionDate><CLSID Locator="Review">{B5D3AB87-EED1-11D3-9F76-00C04F8ED1C4}</CLSID><DBEnv.CLSID Locator="Review">{43BA3ECC-0120-11d4-AB58-00C04FA379E3}</DBEnv.CLSID><DBEnv.Library Locator="Review">LocationQueryEngine</DBEnv.Library><EmbedGeocodingRules Locator="Review">TRUE</EmbedGeocodingRules><EndOffset Locator="Review">5</EndOffset><Fallback Locator="Review">FALSE</Fallback><FieldAliases Locator="Review">Street or Intersection</FieldAliases><FieldAliases Locator="Review">Zone</FieldAliases><FieldNames.0 Locator="Review">Address</FieldNames.0><FieldNames.0 Locator="Review">Addr</FieldNames.0><FieldNames.0 Locator="Review">Street</FieldNames.0><FieldNames.1 Locator="Review">Zip</FieldNames.1><FieldNames.1 Locator="Review">Zipcode</FieldNames.1><FieldNames.1 Locator="Review">City</FieldNames.1><FieldNames.1 Locator="Review">Zone</FieldNames.1><Fields Locator="Review">Street</Fields><Fields Locator="Review">Zone</Fields><FieldSizes Locator="Review">60</FieldSizes><FieldSizes Locator="Review">40</FieldSizes><FieldsRequired Locator="Review">TRUE</FieldsRequired><FieldsRequired Locator="Review">FALSE</FieldsRequired><FileMAT Locator="Review">us_addr1.mat</FileMAT><FileSTN Locator="Review">us_addr.stn</FileSTN><Interpolate Locator="Review">TRUE</Interpolate><IntersectionConnectors Locator="Review">&amp; | @</IntersectionConnectors><IntFileMAT Locator="Review">us_intsc1.mat</IntFileMAT><IntFileSTN Locator="Review">us_intsc.stn</IntFileSTN><Locator.CLSID Locator="Review">{D9052385-AB46-11d2-AADA-00C04FA379E3}</Locator.CLSID><Locator.FactoryCLSID Locator="Review">{68F5E953-06FF-11d3-AAFD-00C04FA379E3}</Locator.FactoryCLSID><Locator.FactoryLibrary Locator="Review">mtchloc</Locator.FactoryLibrary><Locator.Library Locator="Review">mtchloc</Locator.Library><LocatorWorkspaceString Locator="Review">ProgID = esriDataSourcesFile.ShapefileWorkspaceFactory.1; Path = ..\..\..\..\TSP_Data\GIS\Data\Transport\Streets</LocatorWorkspaceString><MatchIfScoresTie Locator="Review">True</MatchIfScoresTie><MinimumCandidateScore Locator="Review">10</MinimumCandidateScore><MinimumMatchScore Locator="Review">60</MinimumMatchScore><MKeyAlias.D1 Locator="Review">SufDir1</MKeyAlias.D1><MKeyAlias.D2 Locator="Review">SufDir2</MKeyAlias.D2><MKeyAlias.E1 Locator="Review">PreType1</MKeyAlias.E1><MKeyAlias.E2 Locator="Review">PreType2</MKeyAlias.E2><MKeyAlias.HN Locator="Review">HouseNum</MKeyAlias.HN><MKeyAlias.P1 Locator="Review">PreDir1</MKeyAlias.P1><MKeyAlias.P2 Locator="Review">PreDir2</MKeyAlias.P2><MKeyAlias.PD Locator="Review">PreDir</MKeyAlias.PD><MKeyAlias.PT Locator="Review">PreType</MKeyAlias.PT><MKeyAlias.S1 Locator="Review">StreetName1</MKeyAlias.S1><MKeyAlias.S2 Locator="Review">StreetName2</MKeyAlias.S2><MKeyAlias.SD Locator="Review">SufDir</MKeyAlias.SD><MKeyAlias.SN Locator="Review">StreetName</MKeyAlias.SN><MKeyAlias.ST Locator="Review">SufType</MKeyAlias.ST><MKeyAlias.T1 Locator="Review">SufType1</MKeyAlias.T1><MKeyAlias.T2 Locator="Review">SufType2</MKeyAlias.T2><MKeyAlias.ZN Locator="Review">Zone</MKeyAlias.ZN><MKeyField Locator="Review">XX</MKeyField><MKeyField Locator="Review">ZN</MKeyField><Query.CLSID Locator="Review">{1845B140-FC3B-11d2-AAFA-00C04FA379E3}</Query.CLSID><Query.Library Locator="Review">mtchloc</Query.Library><RD.Func Locator="Review">SDEX,mtchloc,SX,""</RD.Func><RD.Func Locator="Review">ZNSX,mtchloc,ZoneSX,""</RD.Func><RD.Func Locator="Review">SpellSens,mtchloc,SpellSens,""</RD.Func><RD.IdxTable Locator="Review">IdxTable1,"IndexTable for Primary table"</RD.IdxTable><RD.IdxTable1.IdxColumn Locator="Review">XID,"Soundex foreign key column",Y,$Table1.ID</RD.IdxTable1.IdxColumn><RD.IdxTable1.IdxColumn Locator="Review">Sx,"Soundex code column",Y,@SDEX($Table1.StreetName)</RD.IdxTable1.IdxColumn><RD.IdxTable1.IdxColumn Locator="Review">ZoneL,"Left zone column",Y,@ZNSX($Table1.LeftZone)</RD.IdxTable1.IdxColumn><RD.IdxTable1.IdxColumn Locator="Review">ZoneR,"Right zone column",Y,@ZNSX($Table1.RightZone)</RD.IdxTable1.IdxColumn><RD.IdxTable1.Prefix Locator="Review">GC_SZS</RD.IdxTable1.Prefix><RD.ILQuery.ConditionalWhere Locator="Review">ZN, " AND ($IdxTable1.ZoneL = '@ZNSX(%ZN%)' OR $IdxTable1.ZoneR = '@ZNSX(%ZN%)')"</RD.ILQuery.ConditionalWhere><RD.ILQuery.Filter Locator="Review">@SpellSens(%S1%, $Table1.StreetName)</RD.ILQuery.Filter><RD.ILQuery.InvariantWhere Locator="Review">: AND $Table1.ID = $IdxTable1.XID:</RD.ILQuery.InvariantWhere><RD.ILQuery.Lox Locator="Review">Lox1</RD.ILQuery.Lox><RD.ILQuery.MF Locator="Review">PreDir1,Table1.PreDir</RD.ILQuery.MF><RD.ILQuery.MF Locator="Review">PreType1,Table1.PreType</RD.ILQuery.MF><RD.ILQuery.MF Locator="Review">StreetName1,Table1.StreetName</RD.ILQuery.MF><RD.ILQuery.MF Locator="Review">Type1,Table1.StreetType</RD.ILQuery.MF><RD.ILQuery.MF Locator="Review">SufDir1,Table1.SufDir</RD.ILQuery.MF><RD.ILQuery.MF Locator="Review">LeftZone1,Table1.LeftZone</RD.ILQuery.MF><RD.ILQuery.MF Locator="Review">RightZone1,Table1.RightZone</RD.ILQuery.MF><RD.ILQuery.MF Locator="Review">Shape,Table1.Shape</RD.ILQuery.MF><RD.ILQuery.MF Locator="Review">ID,Table1.ID</RD.ILQuery.MF><RD.ILQuery.Where Locator="Review">$IdxTable1.Sx = '@SDEX(%S1%)'</RD.ILQuery.Where><RD.IRQuery.ConditionalWhere Locator="Review">ZN, " AND ($IdxTable1.ZoneL = '@ZNSX(%ZN%)' OR $IdxTable1.ZoneR = '@ZNSX(%ZN%)')"</RD.IRQuery.ConditionalWhere><RD.IRQuery.Filter Locator="Review">@SpellSens(%S2%, $Table1.StreetName)</RD.IRQuery.Filter><RD.IRQuery.InvariantWhere Locator="Review">: AND $Table1.ID = $IdxTable1.XID:</RD.IRQuery.InvariantWhere><RD.IRQuery.Lox Locator="Review">Lox1</RD.IRQuery.Lox><RD.IRQuery.MF Locator="Review">PreDir2,Table1.PreDir</RD.IRQuery.MF><RD.IRQuery.MF Locator="Review">PreType2,Table1.PreType</RD.IRQuery.MF><RD.IRQuery.MF Locator="Review">StreetName2,Table1.StreetName</RD.IRQuery.MF><RD.IRQuery.MF Locator="Review">Type2,Table1.StreetType</RD.IRQuery.MF><RD.IRQuery.MF Locator="Review">SufDir2,Table1.SufDir</RD.IRQuery.MF><RD.IRQuery.MF Locator="Review">LeftZone2,Table1.LeftZone</RD.IRQuery.MF><RD.IRQuery.MF Locator="Review">RightZone2,Table1.RightZone</RD.IRQuery.MF><RD.IRQuery.MF Locator="Review">Shape,Table1.Shape</RD.IRQuery.MF><RD.IRQuery.MF Locator="Review">ID,Table1.ID</RD.IRQuery.MF><RD.IRQuery.Where Locator="Review">$IdxTable1.Sx = '@SDEX(%S2%)'</RD.IRQuery.Where><RD.LeftIntsecQuery Locator="Review">ILQuery,"Left Intersection Query"</RD.LeftIntsecQuery><RD.LocatorIndex Locator="Review">Lox1</RD.LocatorIndex><RD.Lox1.Restrict Locator="Review">$Table1.StreetName &lt;&gt; 'UNNAMED STREET' AND $Table1.StreetName &lt;&gt; 'UNNAMED' AND $Table1.StreetName &lt;&gt; '' AND $Table1.StreetName &lt;&gt; ' '</RD.Lox1.Restrict><RD.Lox1.SortBy Locator="Review">$IdxTable1.ZoneL,$IdxTable1.ZoneR</RD.Lox1.SortBy><RD.Lox1.SortBy Locator="Review">$Table1.LeftZone,$Table1.RightZone</RD.Lox1.SortBy><RD.Lox1.SortBy Locator="Review">$IdxTable1.Sx</RD.Lox1.SortBy><RD.Lox1.SortBy Locator="Review">$Table1.StreetName</RD.Lox1.SortBy><RD.Lox1.SortBy Locator="Review">$Table1.PreType,$Table1.PreDir,$Table1.SufDir,$Table1.StreetType</RD.Lox1.SortBy><RD.Lox1.SubtreeSplit Locator="Review">1</RD.Lox1.SubtreeSplit><RD.Lox1.Tail Locator="Review">$Table1.LeftFrom,$Table1.LeftTo,$Table1.RightFrom,$Table1.RightTo,$Table1.ID,$Table1.Shape</RD.Lox1.Tail><RD.Query Locator="Review">Query1,"Main query"</RD.Query><RD.Query1.ConditionalWhere Locator="Review">ZN, " AND ($IdxTable1.ZoneL = '@ZNSX(%ZN%)' OR $IdxTable1.ZoneR = '@ZNSX(%ZN%)')"</RD.Query1.ConditionalWhere><RD.Query1.FallbackWhere Locator="Review">SN, $IdxTable1.Sx = '@SDEX(%SN%)'</RD.Query1.FallbackWhere><RD.Query1.Filter Locator="Review">@SpellSens(%SN%, $Table1.StreetName)</RD.Query1.Filter><RD.Query1.InvariantWhere Locator="Review">: AND $Table1.ID = $IdxTable1.XID:</RD.Query1.InvariantWhere><RD.Query1.Lox Locator="Review">Lox1</RD.Query1.Lox><RD.Query1.MF Locator="Review">LeftFrom,Table1.LeftFrom</RD.Query1.MF><RD.Query1.MF Locator="Review">LeftTo,Table1.LeftTo</RD.Query1.MF><RD.Query1.MF Locator="Review">RightFrom,Table1.RightFrom</RD.Query1.MF><RD.Query1.MF Locator="Review">RightTo,Table1.RightTo</RD.Query1.MF><RD.Query1.MF Locator="Review">PreDir,Table1.PreDir</RD.Query1.MF><RD.Query1.MF Locator="Review">PreType,Table1.PreType</RD.Query1.MF><RD.Query1.MF Locator="Review">StreetName,Table1.StreetName</RD.Query1.MF><RD.Query1.MF Locator="Review">StreetType,Table1.StreetType</RD.Query1.MF><RD.Query1.MF Locator="Review">SufDir,Table1.SufDir</RD.Query1.MF><RD.Query1.MF Locator="Review">LeftZone,Table1.LeftZone</RD.Query1.MF><RD.Query1.MF Locator="Review">RightZone,Table1.RightZone</RD.Query1.MF><RD.Query1.MF Locator="Review">Shape,Table1.Shape</RD.Query1.MF><RD.Query1.MF Locator="Review">ID,Table1.ID</RD.Query1.MF><RD.Query1.Where Locator="Review">$IdxTable1.Sx = '@SDEX(%SN%)'</RD.Query1.Where><RD.RightIntsecQuery Locator="Review">IRQuery,"Right Intersection Query"</RD.RightIntsecQuery><RD.Table Locator="Review">Table1,"Primary table"</RD.Table><RD.Table1.Column Locator="Review">LeftFrom,"House From Left",N,TRUE</RD.Table1.Column><RD.Table1.Column Locator="Review">LeftTo,"House To Left",N,TRUE</RD.Table1.Column><RD.Table1.Column Locator="Review">RightFrom,"House From Right",N,TRUE</RD.Table1.Column><RD.Table1.Column Locator="Review">RightTo,"House To Right",N,TRUE</RD.Table1.Column><RD.Table1.Column Locator="Review">PreDir,"Prefix Direction",N,FALSE</RD.Table1.Column><RD.Table1.Column Locator="Review">PreType,"Prefix Type",N,FALSE</RD.Table1.Column><RD.Table1.Column Locator="Review">StreetName,"Street Name",N,TRUE</RD.Table1.Column><RD.Table1.Column Locator="Review">StreetType,"Street Type",N,FALSE</RD.Table1.Column><RD.Table1.Column Locator="Review">SufDir,"Suffix Direction",N,FALSE</RD.Table1.Column><RD.Table1.Column Locator="Review">LeftZone,"Left Zone",N,TRUE</RD.Table1.Column><RD.Table1.Column Locator="Review">RightZone,"Right Zone",N,TRUE</RD.Table1.Column><RD.Table1.Column Locator="Review">ID,"Record ID for the Primary table",N,TRUE</RD.Table1.Column><RD.Table1.Column Locator="Review">Shape,"Shape column",N,TRUE</RD.Table1.Column><RD.Table1.Filter Locator="Review">esriCatalog.GxFilterFeatureClasses</RD.Table1.Filter><RD.Val.IdxTable1 Locator="Review">GC_SZSStreetsNAV0805</RD.Val.IdxTable1><RD.Val.IdxTable1.Sx Locator="Review">SX</RD.Val.IdxTable1.Sx><RD.Val.IdxTable1.XID Locator="Review">XID</RD.Val.IdxTable1.XID><RD.Val.IdxTable1.ZoneL Locator="Review">LZONE</RD.Val.IdxTable1.ZoneL><RD.Val.IdxTable1.ZoneR Locator="Review">RZONE</RD.Val.IdxTable1.ZoneR><RD.Val.Table1 Locator="Review">StreetsNAV0805</RD.Val.Table1><RD.Val.Table1.ID Locator="Review">FID</RD.Val.Table1.ID><RD.Val.Table1.LeftFrom Locator="Review">L_REFADDR</RD.Val.Table1.LeftFrom><RD.Val.Table1.LeftTo Locator="Review">L_NREFADDR</RD.Val.Table1.LeftTo><RD.Val.Table1.LeftZone Locator="Review">L_POSTCODE</RD.Val.Table1.LeftZone><RD.Val.Table1.PreDir Locator="Review">ST_NM_PREF</RD.Val.Table1.PreDir><RD.Val.Table1.PreType Locator="Review">ST_TYP_BEF</RD.Val.Table1.PreType><RD.Val.Table1.RightFrom Locator="Review">R_REFADDR</RD.Val.Table1.RightFrom><RD.Val.Table1.RightTo Locator="Review">R_NREFADDR</RD.Val.Table1.RightTo><RD.Val.Table1.RightZone Locator="Review">R_POSTCODE</RD.Val.Table1.RightZone><RD.Val.Table1.Shape Locator="Review">Shape</RD.Val.Table1.Shape><RD.Val.Table1.StreetName Locator="Review">ST_NM_BASE</RD.Val.Table1.StreetName><RD.Val.Table1.StreetType Locator="Review">ST_TYP_AFT</RD.Val.Table1.StreetType><RD.Val.Table1.SufDir Locator="Review">ST_NM_SUFF</RD.Val.Table1.SufDir><RD.WorkspaceString Locator="Review">ProgID = esriDataSourcesFile.ShapefileWorkspaceFactory.1; Path = .</RD.WorkspaceString><RebuildStartTime Locator="Review">128772095282920000</RebuildStartTime><RebuildStartTimeAscii Locator="Review">6:38:48 PM</RebuildStartTimeAscii><SafeLocatorName Locator="Review">StreetsNAV0805</SafeLocatorName><SideOffset Locator="Review">25</SideOffset><SideOffsetUnits Locator="Review">Feet</SideOffsetUnits><SpellingSensitivity Locator="Review">80</SpellingSensitivity><StoreStandardizedRefData Locator="Review">TRUE</StoreStandardizedRefData><SupportIntersections Locator="Review">TRUE</SupportIntersections><UICLSID Locator="Review">{AE5A3A0E-F756-11D2-9F4F-00C04F8ED1C4}</UICLSID><UseRelativePaths Locator="Review">True</UseRelativePaths><Version Locator="Review">9.3</Version><WritePercentAlongField Locator="Review">False</WritePercentAlongField><WriteReferenceIDField Locator="Review">True</WriteReferenceIDField><WriteStandardizedAddressField Locator="Review">True</WriteStandardizedAddressField><WriteXYCoordFields Locator="Review">True</WriteXYCoordFields><InTable Locator="Review">::</InTable><InKeyColumns Locator="Review">::</InKeyColumns><InColumns Locator="Review">ARC_Street</InColumns><InColumns Locator="Review">ARC_Zone</InColumns><OutTable Locator="Review">::</OutTable><OutKeyColumns Locator="Review">::</OutKeyColumns><OutColumns Locator="Review">Shape</OutColumns><OutColumns Locator="Review">Status</OutColumns><OutColumns Locator="Review">Score</OutColumns><OutColumns Locator="Review">Side</OutColumns><OutColumns Locator="Review">X</OutColumns><OutColumns Locator="Review">Y</OutColumns><OutColumns Locator="Review">Stan_addr</OutColumns><OutColumns Locator="Review">Ref_ID</OutColumns><OutColumns Locator="Review">Match_addr</OutColumns></RematchLocator><SyncDate>20100716</SyncDate><SyncTime>16065700</SyncTime><ModDate>20100716</ModDate><ModTime>16065700</ModTime><DataProperties><lineage><Process ToolSource="C:\Program Files\ArcGIS\ArcToolbox\Toolboxes\Data Management Tools.tbx\Merge" Date="20100715" Time="163025">Merge Geocode_Andys;Geocode_Joel;Geocode_Ryan G:\SPA\Users\amcburney\Landmarks\Geocoding_Result_3_Merge.shp "Status 'Status' true true false 1 Text 0 0 ,First,#,Geocode_Andys,Status,-1,-1,Geocode_Joel,Status,-1,-1,Geocode_Ryan,Status,-1,-1;Score 'Score' true true false 4 Short 0 4 ,First,#,Geocode_Andys,Score,-1,-1,Geocode_Joel,Score,-1,-1,Geocode_Ryan,Score,-1,-1;Match_type 'Match_type' true true false 2 Text 0 0 ,First,#,Geocode_Andys,Match_type,-1,-1,Geocode_Joel,Match_type,-1,-1,Geocode_Ryan,Match_type,-1,-1;Side 'Side' true true false 1 Text 0 0 ,First,#,Geocode_Andys,Side,-1,-1,Geocode_Joel,Side,-1,-1,Geocode_Ryan,Side,-1,-1;X 'X' true true false 19 Double 11 18 ,First,#,Geocode_Andys,X,-1,-1,Geocode_Joel,X,-1,-1,Geocode_Ryan,X,-1,-1;Y 'Y' true true false 19 Double 11 18 ,First,#,Geocode_Andys,Y,-1,-1,Geocode_Joel,Y,-1,-1,Geocode_Ryan,Y,-1,-1;Stan_addr 'Stan_addr' true true false 79 Text 0 0 ,First,#,Geocode_Andys,Stan_addr,-1,-1,Geocode_Joel,Stan_addr,-1,-1,Geocode_Ryan,Stan_addr,-1,-1;Ref_ID 'Ref_ID' true true false 9 Long 0 9 ,First,#,Geocode_Andys,Ref_ID,-1,-1,Geocode_Joel,Ref_ID,-1,-1,Geocode_Ryan,Ref_ID,-1,-1;Match_addr 'Match_addr' true true false 103 Text 0 0 ,First,#,Geocode_Andys,Match_addr,-1,-1,Geocode_Joel,Match_addr,-1,-1,Geocode_Ryan,Match_addr,-1,-1;ARC_Street 'ARC_Street' true true false 60 Text 0 0 ,First,#,Geocode_Andys,ARC_Street,-1,-1,Geocode_Joel,ARC_Street,-1,-1,Geocode_Ryan,ARC_Street,-1,-1;ARC_Zone 'ARC_Zone' true true false 40 Text 0 0 ,First,#,Geocode_Andys,ARC_Zone,-1,-1,Geocode_Joel,ARC_Zone,-1,-1,Geocode_Ryan,ARC_Zone,-1,-1;ID 'ID' true true false 254 Text 0 0 ,First,#,Geocode_Andys,ID,-1,-1,Geocode_Ryan,ID,-1,-1;Landmark 'Landmark' true true false 254 Text 0 0 ,First,#,Geocode_Andys,Landmark,-1,-1,Geocode_Joel,Landmark,-1,-1,Geocode_Ryan,Landmark,-1,-1;Type 'Type' true true false 254 Text 0 0 ,First,#,Geocode_Andys,Type,-1,-1,Geocode_Joel,Type,-1,-1,Geocode_Ryan,Type,-1,-1;Street 'Street' true true false 254 Text 0 0 ,First,#,Geocode_Andys,Street,-1,-1,Geocode_Joel,Street,-1,-1,Geocode_Ryan,Street,-1,-1;City 'City' true true false 254 Text 0 0 ,First,#,Geocode_Andys,City,-1,-1,Geocode_Joel,City,-1,-1,Geocode_Ryan,City,-1,-1;State 'State' true true false 254 Text 0 0 ,First,#,Geocode_Andys,State,-1,-1,Geocode_Joel,State,-1,-1,Geocode_Ryan,State,-1,-1;Zip 'Zip' true true false 254 Text 0 0 ,First,#,Geocode_Andys,Zip,-1,-1,Geocode_Joel,Zip,-1,-1,Geocode_Ryan,Zip,-1,-1"</Process><Process ToolSource="C:\Program Files\ArcGIS\ArcToolbox\Toolboxes\Data Management Tools.tbx\Merge" Date="20100716" Time="120609">Merge Geocoding_Result_3_Merge;'National Register &amp; Misc.' G:\SPA\Users\amcburney\Landmarks\Landmarks_07162010.shp "Status 'Status' true true false 1 Text 0 0 ,First,#,Geocoding_Result_3_Merge,Status,-1,-1,National Register &amp; Misc.,Status,-1,-1;Score 'Score' true true false 4 Short 0 4 ,First,#,Geocoding_Result_3_Merge,Score,-1,-1,National Register &amp; Misc.,Score,-1,-1;Match_type 'Match_type' true true false 2 Text 0 0 ,First,#,Geocoding_Result_3_Merge,Match_type,-1,-1,National Register &amp; Misc.,Match_type,-1,-1;Side 'Side' true true false 1 Text 0 0 ,First,#,Geocoding_Result_3_Merge,Side,-1,-1,National Register &amp; Misc.,Side,-1,-1;X 'X' true true false 19 Double 11 18 ,First,#,Geocoding_Result_3_Merge,X,-1,-1,National Register &amp; Misc.,X,-1,-1;Y 'Y' true true false 19 Double 11 18 ,First,#,Geocoding_Result_3_Merge,Y,-1,-1,National Register &amp; Misc.,Y,-1,-1;Stan_addr 'Stan_addr' true true false 79 Text 0 0 ,First,#,Geocoding_Result_3_Merge,Stan_addr,-1,-1,National Register &amp; Misc.,Stan_addr,-1,-1;Ref_ID 'Ref_ID' true true false 9 Long 0 9 ,First,#,Geocoding_Result_3_Merge,Ref_ID,-1,-1,National Register &amp; Misc.,Ref_ID,-1,-1;Match_addr 'Match_addr' true true false 103 Text 0 0 ,First,#,Geocoding_Result_3_Merge,Match_addr,-1,-1,National Register &amp; Misc.,Match_addr,-1,-1;ARC_Street 'ARC_Street' true true false 60 Text 0 0 ,First,#,Geocoding_Result_3_Merge,ARC_Street,-1,-1,National Register &amp; Misc.,ARC_Street,-1,-1;ARC_Zone 'ARC_Zone' true true false 40 Text 0 0 ,First,#,Geocoding_Result_3_Merge,ARC_Zone,-1,-1,National Register &amp; Misc.,ARC_Zone,-1,-1;ID 'ID' true true false 254 Text 0 0 ,First,#,Geocoding_Result_3_Merge,ID,-1,-1;Landmark 'Landmark' true true false 254 Text 0 0 ,First,#,Geocoding_Result_3_Merge,Landmark,-1,-1,National Register &amp; Misc.,Landmark,-1,-1;Type 'Type' true true false 254 Text 0 0 ,First,#,Geocoding_Result_3_Merge,Type,-1,-1,National Register &amp; Misc.,Type,-1,-1;Street 'Street' true true false 254 Text 0 0 ,First,#,Geocoding_Result_3_Merge,Street,-1,-1,National Register &amp; Misc.,Street,-1,-1;City 'City' true true false 254 Text 0 0 ,First,#,Geocoding_Result_3_Merge,City,-1,-1,National Register &amp; Misc.,City,-1,-1;State 'State' true true false 254 Text 0 0 ,First,#,Geocoding_Result_3_Merge,State,-1,-1,National Register &amp; Misc.,State,-1,-1;Zip 'Zip' true true false 254 Text 0 0 ,First,#,Geocoding_Result_3_Merge,Zip,-1,-1,National Register &amp; Misc.,Zip,-1,-1"</Process><Process ToolSource="C:\Program Files\ArcGIS\ArcToolbox\Toolboxes\Data Management Tools.tbx\Merge" Date="20100716" Time="153326">Merge "Landmarks_07162010;'Joel's Half - Geocoding 4'" G:\SPA\Users\amcburney\Landmarks\Landmarks_Incomp_Merge.shp "Status 'Status' true true false 1 Text 0 0 ,First,#,Landmarks_07162010,Status,-1,-1,Joel's Half - Geocoding 4,Status,-1,-1;Score 'Score' true true false 4 Short 0 4 ,First,#,Landmarks_07162010,Score,-1,-1,Joel's Half - Geocoding 4,Score,-1,-1;Match_type 'Match_type' true true false 2 Text 0 0 ,First,#,Landmarks_07162010,Match_type,-1,-1,Joel's Half - Geocoding 4,Match_type,-1,-1;Side 'Side' true true false 1 Text 0 0 ,First,#,Landmarks_07162010,Side,-1,-1,Joel's Half - Geocoding 4,Side,-1,-1;X 'X' true true false 19 Double 11 18 ,First,#,Landmarks_07162010,X,-1,-1,Joel's Half - Geocoding 4,X,-1,-1;Y 'Y' true true false 19 Double 11 18 ,First,#,Landmarks_07162010,Y,-1,-1,Joel's Half - Geocoding 4,Y,-1,-1;Stan_addr 'Stan_addr' true true false 79 Text 0 0 ,First,#,Landmarks_07162010,Stan_addr,-1,-1,Joel's Half - Geocoding 4,Stan_addr,-1,-1;Ref_ID 'Ref_ID' true true false 9 Long 0 9 ,First,#,Landmarks_07162010,Ref_ID,-1,-1,Joel's Half - Geocoding 4,Ref_ID,-1,-1;Match_addr 'Match_addr' true true false 103 Text 0 0 ,First,#,Landmarks_07162010,Match_addr,-1,-1,Joel's Half - Geocoding 4,Match_addr,-1,-1;ARC_Street 'ARC_Street' true true false 60 Text 0 0 ,First,#,Landmarks_07162010,ARC_Street,-1,-1,Joel's Half - Geocoding 4,ARC_Street,-1,-1;ARC_Zone 'ARC_Zone' true true false 40 Text 0 0 ,First,#,Landmarks_07162010,ARC_Zone,-1,-1,Joel's Half - Geocoding 4,ARC_Zone,-1,-1;ID 'ID' true true false 254 Text 0 0 ,First,#,Landmarks_07162010,ID,-1,-1;Landmark 'Landmark' true true false 254 Text 0 0 ,First,#,Landmarks_07162010,Landmark,-1,-1,Joel's Half - Geocoding 4,Landmark,-1,-1;Type 'Type' true true false 254 Text 0 0 ,First,#,Landmarks_07162010,Type,-1,-1,Joel's Half - Geocoding 4,Type,-1,-1;Street 'Street' true true false 254 Text 0 0 ,First,#,Landmarks_07162010,Street,-1,-1,Joel's Half - Geocoding 4,Street,-1,-1;City 'City' true true false 254 Text 0 0 ,First,#,Landmarks_07162010,City,-1,-1,Joel's Half - Geocoding 4,City,-1,-1;State 'State' true true false 254 Text 0 0 ,First,#,Landmarks_07162010,State,-1,-1,Joel's Half - Geocoding 4,State,-1,-1;Zip 'Zip' true true false 254 Text 0 0 ,First,#,Landmarks_07162010,Zip,-1,-1,Joel's Half - Geocoding 4,Zip,-1,-1"</Process><Process ToolSource="C:\Program Files\ArcGIS\ArcToolbox\Toolboxes\Data Management Tools.tbx\Merge" Date="20100716" Time="160658">Merge Landmarks_Almost;'Geocoding Result: Lmks_Done' G:\SPA\Users\amcburney\Landmarks\Landmarks_done.shp "Status 'Status' true true false 1 Text 0 0 ,First,#,Landmarks_Almost,Status,-1,-1,Geocoding Result: Lmks_Done,Status,-1,-1;Score 'Score' true true false 4 Short 0 4 ,First,#,Landmarks_Almost,Score,-1,-1,Geocoding Result: Lmks_Done,Score,-1,-1;Match_type 'Match_type' true true false 2 Text 0 0 ,First,#,Landmarks_Almost,Match_type,-1,-1,Geocoding Result: Lmks_Done,Match_type,-1,-1;Side 'Side' true true false 1 Text 0 0 ,First,#,Landmarks_Almost,Side,-1,-1,Geocoding Result: Lmks_Done,Side,-1,-1;X 'X' true true false 19 Double 11 18 ,First,#,Landmarks_Almost,X,-1,-1,Geocoding Result: Lmks_Done,X,-1,-1;Y 'Y' true true false 19 Double 11 18 ,First,#,Landmarks_Almost,Y,-1,-1,Geocoding Result: Lmks_Done,Y,-1,-1;Stan_addr 'Stan_addr' true true false 79 Text 0 0 ,First,#,Landmarks_Almost,Stan_addr,-1,-1,Geocoding Result: Lmks_Done,Stan_addr,-1,-1;Ref_ID 'Ref_ID' true true false 9 Long 0 9 ,First,#,Landmarks_Almost,Ref_ID,-1,-1,Geocoding Result: Lmks_Done,Ref_ID,-1,-1;Match_addr 'Match_addr' true true false 103 Text 0 0 ,First,#,Landmarks_Almost,Match_addr,-1,-1,Geocoding Result: Lmks_Done,Match_addr,-1,-1;ARC_Street 'ARC_Street' true true false 60 Text 0 0 ,First,#,Landmarks_Almost,ARC_Street,-1,-1,Geocoding Result: Lmks_Done,ARC_Street,-1,-1;ARC_Zone 'ARC_Zone' true true false 40 Text 0 0 ,First,#,Landmarks_Almost,ARC_Zone,-1,-1,Geocoding Result: Lmks_Done,ARC_Zone,-1,-1;ID 'ID' true true false 254 Text 0 0 ,First,#,Landmarks_Almost,ID,-1,-1,Geocoding Result: Lmks_Done,ID,-1,-1;Landmark 'Landmark' true true false 254 Text 0 0 ,First,#,Landmarks_Almost,Landmark,-1,-1,Geocoding Result: Lmks_Done,Landmark,-1,-1;Type 'Type' true true false 254 Text 0 0 ,First,#,Landmarks_Almost,Type,-1,-1,Geocoding Result: Lmks_Done,Type,-1,-1;Street 'Street' true true false 254 Text 0 0 ,First,#,Landmarks_Almost,Street,-1,-1,Geocoding Result: Lmks_Done,Street,-1,-1;City 'City' true true false 254 Text 0 0 ,First,#,Landmarks_Almost,City,-1,-1,Geocoding Result: Lmks_Done,City,-1,-1;State 'State' true true false 254 Text 0 0 ,First,#,Landmarks_Almost,State,-1,-1,Geocoding Result: Lmks_Done,State,-1,-1;Zip 'Zip' true true false 254 Text 0 0 ,First,#,Landmarks_Almost,Zip,-1,-1,Geocoding Result: Lmks_Done,Zip,-1,-1"</Process></lineage><itemProps><itemLocation><linkage Sync="TRUE">file://\\SEB317S-KW3-1\C$\Users\mcarragher3\Desktop\GT\research\gis_data\MARTA_Project\From_MARTA\LandmarksSPA10</linkage><protocol Sync="TRUE">Local Area Network</protocol></itemLocation></itemProps><copyHistory><copy source="C:\Users\mcarragher3\Desktop\GT\research\gis_data\MARTA_mags\LandmarksSPA10" dest="\\SEB317S-KW3-1\C$\Users\mcarragher3\Desktop\GT\research\gis_data\MARTA_Project\From_MARTA\LandmarksSPA10" date="20111207" time="12015600"></copy></copyHistory></DataProperties><ArcGISFormat>1.0</ArcGISFormat></Esri><idinfo><native Sync="TRUE">Microsoft Windows XP Version 5.1 (Build 2600) Service Pack 3; ESRI ArcCatalog 9.3.1.3000</native><descript><langdata Sync="TRUE">en</langdata><abstract>REQUIRED: A brief narrative summary of the data set.</abstract><purpose>REQUIRED: A summary of the intentions with which the data set was developed.</purpose></descript><citation><citeinfo><origin>REQUIRED: The name of an organization or individual that developed the data set.</origin><pubdate>REQUIRED: The date when the data set is published or otherwise made available for release.</pubdate><title Sync="TRUE">Landmarks_done</title><ftname Sync="TRUE">Landmarks_done</ftname><geoform Sync="TRUE">vector digital data</geoform><onlink Sync="TRUE">\\wiler01\depthome\SPA\GIS and Analytics\Information Requests\2011 Requests\Kari Watkins and Margaret Carragher, GT 12-5-11\LandmarksSPA10</onlink></citeinfo></citation><timeperd><current>REQUIRED: The basis on which the time period of content information is determined.</current><timeinfo><sngdate><caldate>REQUIRED: The year (and optionally month, or month and day) for which the data set corresponds to the ground.</caldate></sngdate></timeinfo></timeperd><status><progress>REQUIRED: The state of the data set.</progress><update>REQUIRED: The frequency with which changes and additions are made to the data set after the initial data set is completed.</update></status><spdom><bounding><westbc Sync="TRUE">REQUIRED: Western-most coordinate of the limit of coverage expressed in longitude.</westbc><eastbc Sync="TRUE">REQUIRED: Eastern-most coordinate of the limit of coverage expressed in longitude.</eastbc><northbc Sync="TRUE">REQUIRED: Northern-most coordinate of the limit of coverage expressed in latitude.</northbc><southbc Sync="TRUE">REQUIRED: Southern-most coordinate of the limit of coverage expressed in latitude.</southbc></bounding></spdom><keywords><theme><themekt>REQUIRED: Reference to a formally registered thesaurus or a similar authoritative source of theme keywords.</themekt><themekey>REQUIRED: Common-use word or phrase used to describe the subject of the data set.</themekey></theme></keywords><accconst>REQUIRED: Restrictions and legal prerequisites for accessing the data set.</accconst><useconst>REQUIRED: Restrictions and legal prerequisites for using the data set after access is granted.</useconst><natvform Sync="TRUE">Shapefile</natvform></idinfo><dataIdInfo><envirDesc Sync="TRUE">Microsoft Windows XP Version 5.1 (Build 2600) Service Pack 3; ESRI ArcCatalog 9.3.1.3000</envirDesc><dataLang><languageCode Sync="TRUE" value="en"></languageCode></dataLang><idCitation><resTitle Sync="TRUE">Landmarks_done</resTitle><presForm><PresFormCd Sync="TRUE" value="005"></PresFormCd></presForm></idCitation><spatRpType><SpatRepTypCd Sync="TRUE" value="001"></SpatRepTypCd></spatRpType></dataIdInfo><metainfo><langmeta Sync="TRUE">en</langmeta><metstdn Sync="TRUE">FGDC Content Standards for Digital Geospatial Metadata</metstdn><metstdv Sync="TRUE">FGDC-STD-001-1998</metstdv><mettc Sync="TRUE">local time</mettc><metc><cntinfo><cntorgp><cntper>REQUIRED: The person responsible for the metadata information.</cntper><cntorg>REQUIRED: The organization responsible for the metadata information.</cntorg></cntorgp><cntaddr><addrtype>REQUIRED: The mailing and/or physical address for the organization or individual.</addrtype><city>REQUIRED: The city of the address.</city><state>REQUIRED: The state or province of the address.</state><postal>REQUIRED: The ZIP or other postal code of the address.</postal></cntaddr><cntvoice>REQUIRED: The telephone number by which individuals can speak to the organization or individual.</cntvoice></cntinfo></metc><metd Sync="TRUE">20100716</metd><metextns><onlink Sync="TRUE">http://www.esri.com/metadata/esriprof80.html</onlink><metprof Sync="TRUE">ESRI Metadata Profile</metprof></metextns></metainfo><mdLang><languageCode Sync="TRUE" value="en"></languageCode></mdLang><mdStanName Sync="TRUE">ISO 19115 Geographic Information - Metadata</mdStanName><mdStanVer Sync="TRUE">DIS_ESRI1.0</mdStanVer><mdChar><CharSetCd Sync="TRUE" value="004"></CharSetCd></mdChar><mdHrLv><ScopeCd Sync="TRUE" value="005"></ScopeCd></mdHrLv><mdHrLvName Sync="TRUE">dataset</mdHrLvName><distinfo><resdesc Sync="TRUE">Downloadable Data</resdesc><stdorder><digform><digtinfo><transize Sync="TRUE">0.000</transize><dssize Sync="TRUE">0.000</dssize></digtinfo></digform></stdorder></distinfo><distInfo><distributor><distorTran><onLineSrc><orDesc Sync="TRUE">002</orDesc><linkage Sync="TRUE">file://\\wiler01\depthome\SPA\GIS and Analytics\Information Requests\2011 Requests\Kari Watkins and Margaret Carragher, GT 12-5-11\LandmarksSPA10</linkage><protocol Sync="TRUE">Local Area Network</protocol></onLineSrc><transSize Sync="TRUE">0.000</transSize></distorTran><distorFormat><formatName Sync="TRUE">Shapefile</formatName></distorFormat></distributor></distInfo><spdoinfo><direct Sync="TRUE">Vector</direct><ptvctinf><esriterm Name="Landmarks_done"><efeatyp Sync="TRUE">Simple</efeatyp><efeageom Sync="TRUE">Point</efeageom><esritopo Sync="TRUE">FALSE</esritopo><efeacnt Sync="TRUE">0</efeacnt><spindex Sync="TRUE">FALSE</spindex><linrefer Sync="TRUE">FALSE</linrefer></esriterm><sdtsterm Name="Landmarks_done"><sdtstype Sync="TRUE">Entity point</sdtstype><ptvctcnt Sync="TRUE">0</ptvctcnt></sdtsterm></ptvctinf></spdoinfo><spref><horizsys><cordsysn><geogcsn Sync="TRUE">GCS_North_American_1983</geogcsn><projcsn Sync="TRUE">NAD_1983_StatePlane_Georgia_West_FIPS_1002_Feet</projcsn></cordsysn><planar><planci><plance Sync="TRUE">coordinate pair</plance><plandu Sync="TRUE">survey feet</plandu><coordrep><absres Sync="TRUE">0.000000</absres><ordres Sync="TRUE">0.000000</ordres></coordrep></planci><mapproj><mapprojn Sync="TRUE">Transverse Mercator</mapprojn><transmer><sfctrmer Sync="TRUE">0.999900</sfctrmer><longcm Sync="TRUE">-84.166667</longcm><latprjo Sync="TRUE">30.000000</latprjo><feast Sync="TRUE">2296583.333333</feast><fnorth Sync="TRUE">0.000000</fnorth></transmer></mapproj></planar><geodetic><horizdn Sync="TRUE">North American Datum of 1983</horizdn><ellips Sync="TRUE">Geodetic Reference System 80</ellips><semiaxis Sync="TRUE">6378137.000000</semiaxis><denflat Sync="TRUE">298.257222</denflat></geodetic></horizsys></spref><refSysInfo><RefSystem><refSysID><identCode Sync="TRUE">NAD_1983_StatePlane_Georgia_West_FIPS_1002_Feet</identCode></refSysID></RefSystem></refSysInfo><spatRepInfo><VectSpatRep><topLvl><TopoLevCd Sync="TRUE" value="001"></TopoLevCd></topLvl><geometObjs Name="Landmarks_done"><geoObjTyp><GeoObjTypCd Sync="TRUE" value="004"></GeoObjTypCd></geoObjTyp><geoObjCnt Sync="TRUE">0</geoObjCnt></geometObjs></VectSpatRep></spatRepInfo><eainfo><detailed Name="Landmarks_done"><enttyp><enttypl Sync="TRUE">Landmarks_done</enttypl><enttypt Sync="TRUE">Feature Class</enttypt><enttypc Sync="TRUE">0</enttypc></enttyp><attr><attrlabl Sync="TRUE">FID</attrlabl><attalias Sync="TRUE">FID</attalias><attrtype Sync="TRUE">OID</attrtype><attwidth Sync="TRUE">4</attwidth><atprecis Sync="TRUE">0</atprecis><attscale Sync="TRUE">0</attscale><attrdef Sync="TRUE">Internal feature number.</attrdef><attrdefs Sync="TRUE">ESRI</attrdefs><attrdomv><udom Sync="TRUE">Sequential unique whole numbers that are automatically generated.</udom></attrdomv></attr><attr><attrlabl Sync="TRUE">Shape</attrlabl><attalias Sync="TRUE">Shape</attalias><attrtype Sync="TRUE">Geometry</attrtype><attwidth Sync="TRUE">0</attwidth><atprecis Sync="TRUE">0</atprecis><attscale Sync="TRUE">0</attscale><attrdef Sync="TRUE">Feature geometry.</attrdef><attrdefs Sync="TRUE">ESRI</attrdefs><attrdomv><udom Sync="TRUE">Coordinates defining the features.</udom></attrdomv></attr><attr><attrlabl Sync="TRUE">Status</attrlabl><attalias Sync="TRUE">Status</attalias><attrtype Sync="TRUE">String</attrtype><attwidth Sync="TRUE">1</attwidth></attr><attr><attrlabl Sync="TRUE">Score</attrlabl><attalias Sync="TRUE">Score</attalias><attrtype Sync="TRUE">Number</attrtype><attwidth Sync="TRUE">4</attwidth></attr><attr><attrlabl Sync="TRUE">Match_type</attrlabl><attalias Sync="TRUE">Match_type</attalias><attrtype Sync="TRUE">String</attrtype><attwidth Sync="TRUE">2</attwidth></attr><attr><attrlabl Sync="TRUE">Side</attrlabl><attalias Sync="TRUE">Side</attalias><attrtype Sync="TRUE">String</attrtype><attwidth Sync="TRUE">1</attwidth></attr><attr><attrlabl Sync="TRUE">X</attrlabl><attalias Sync="TRUE">X</attalias><attrtype Sync="TRUE">Number</attrtype><attwidth Sync="TRUE">19</attwidth><atnumdec Sync="TRUE">11</atnumdec></attr><attr><attrlabl Sync="TRUE">Y</attrlabl><attalias Sync="TRUE">Y</attalias><attrtype Sync="TRUE">Number</attrtype><attwidth Sync="TRUE">19</attwidth><atnumdec Sync="TRUE">11</atnumdec></attr><attr><attrlabl Sync="TRUE">Stan_addr</attrlabl><attalias Sync="TRUE">Stan_addr</attalias><attrtype Sync="TRUE">String</attrtype><attwidth Sync="TRUE">79</attwidth></attr><attr><attrlabl Sync="TRUE">Ref_ID</attrlabl><attalias Sync="TRUE">Ref_ID</attalias><attrtype Sync="TRUE">Number</attrtype><attwidth Sync="TRUE">9</attwidth></attr><attr><attrlabl Sync="TRUE">Match_addr</attrlabl><attalias Sync="TRUE">Match_addr</attalias><attrtype Sync="TRUE">String</attrtype><attwidth Sync="TRUE">103</attwidth></attr><attr><attrlabl Sync="TRUE">ARC_Street</attrlabl><attalias Sync="TRUE">ARC_Street</attalias><attrtype Sync="TRUE">String</attrtype><attwidth Sync="TRUE">60</attwidth></attr><attr><attrlabl Sync="TRUE">ARC_Zone</attrlabl><attalias Sync="TRUE">ARC_Zone</attalias><attrtype Sync="TRUE">String</attrtype><attwidth Sync="TRUE">40</attwidth></attr><attr><attrlabl Sync="TRUE">ID</attrlabl><attalias Sync="TRUE">ID</attalias><attrtype Sync="TRUE">String</attrtype><attwidth Sync="TRUE">254</attwidth></attr><attr><attrlabl Sync="TRUE">Landmark</attrlabl><attalias Sync="TRUE">Landmark</attalias><attrtype Sync="TRUE">String</attrtype><attwidth Sync="TRUE">254</attwidth></attr><attr><attrlabl Sync="TRUE">Type</attrlabl><attalias Sync="TRUE">Type</attalias><attrtype Sync="TRUE">String</attrtype><attwidth Sync="TRUE">254</attwidth></attr><attr><attrlabl Sync="TRUE">Street</attrlabl><attalias Sync="TRUE">Street</attalias><attrtype Sync="TRUE">String</attrtype><attwidth Sync="TRUE">254</attwidth></attr><attr><attrlabl Sync="TRUE">City</attrlabl><attalias Sync="TRUE">City</attalias><attrtype Sync="TRUE">String</attrtype><attwidth Sync="TRUE">254</attwidth></attr><attr><attrlabl Sync="TRUE">State</attrlabl><attalias Sync="TRUE">State</attalias><attrtype Sync="TRUE">String</attrtype><attwidth Sync="TRUE">254</attwidth></attr><attr><attrlabl Sync="TRUE">Zip</attrlabl><attalias Sync="TRUE">Zip</attalias><attrtype Sync="TRUE">String</attrtype><attwidth Sync="TRUE">254</attwidth></attr></detailed></eainfo><mdDateSt Sync="TRUE">20100716</mdDateSt><dataqual><lineage><procstep><procdesc Sync="TRUE">Dataset copied.</procdesc><srcused Sync="TRUE"></srcused><procdate Sync="TRUE">20100716</procdate><proctime Sync="TRUE">15422500</proctime></procstep><procstep><procdesc Sync="TRUE">Dataset copied.</procdesc><srcused Sync="TRUE"></srcused><procdate Sync="TRUE">20100720</procdate><proctime Sync="TRUE">13313100</proctime></procstep><procstep><procdesc Sync="TRUE">Dataset copied.</procdesc><srcused Sync="TRUE"></srcused><procdate Sync="TRUE">20111206</procdate><proctime Sync="TRUE">14190700</proctime></procstep><procstep><procdesc Sync="TRUE">Dataset copied.</procdesc><srcused Sync="TRUE">G:\TSP_Data\GIS\Data\Community\Structures\Landmarks\LandmarksSPA10</srcused><procdate Sync="TRUE">20111206</procdate><proctime Sync="TRUE">16544500</proctime></procstep></lineage></dataqual></metadata>
